#SampleID,PrimerNumber,BarcodeSequence,Experiment,Location,Sample,Site,tree_rep,tree_selection,days_ferment,RunID,Amplicon,selection_days_ferm,Description
02.3.5.1day.16S.b,17,CGTACGATAGTAGCGT,cacao_b,Kualoa Ranch,235,2,3,5,1,B17,16S,5_1,02.3.5.1day
02.4.5.1day.16S.b,18,CAGATAGTAGTAGCGT,cacao_b,Kualoa Ranch,245,2,4,5,1,B18,16S,5_1,02.4.5.1day
04.1.3.1day.16S.b,19,ACTCGCTAAGTAGCGT,cacao_b,Urban Garden Center,413,4,1,3,1,B19,16S,3_1,04.1.3.1day
04.1.2.5.1day.16S.b,20,ACACGCAGAGTAGCGT,cacao_b,Urban Garden Center,0415-25,4,1&2,5,1,B20,16S,5_1,04.1-2.5.1day
04.3.3.1day.16S.b,21,CTCGATGAAGTAGCGT,cacao_b,Urban Garden Center,433,4,3,3,1,B21,16S,3_1,04.3.3.1day
04.3.5.1day.16S.b,22,CACTCACGAGTAGCGT,cacao_b,Urban Garden Center,435,4,3,5,1,B22,16S,5_1,04.3.5.1day
04.4.3.1day.16S.b,23,AGATATCCAGTAGCGT,cacao_b,Urban Garden Center,443,4,4,3,1,B23,16S,3_1,04.4.3.1day
04.4.5.1day.16S.b,24,ACGGTGTCAGTAGCGT,cacao_b,Urban Garden Center,445,4,4,5,1,B24,16S,5_1,04.4.5.1day
16SNEG.Cacao.b,51,ACTCGCTAGGAGACTA,cacao_b,LabNEG,16SNEG,16SNEG,16SNEG,16SNEG,NA,B51,16S,16SNEG_NA,16SNEG
02.1.3.0day.ITS.b,52,ACACGCAGGGAGACTA,cacao_b,Kualoa Ranch,213,2,1,3,0,F1,ITS,3_0,02.1.3.0day
02.2.5.0day.ITS.b,54,CACTCACGGGAGACTA,cacao_b,Kualoa Ranch,225,2,2,5,0,F3,ITS,5_0,02.2.5.0day
02.4.5.0day.ITS.b,57,CGTACGATGTCGCTCG,cacao_b,Kualoa Ranch,245,2,4,5,0,F6,ITS,5_0,02.4.5.0day
04.3.3.0day.ITS.b,60,ACACGCAGGTCGCTCG,cacao_b,Urban Garden Center,433,4,3,3,0,F9,ITS,3_0,04.3.3.0day
02.4.5.1day.ITS.b,69,CTCGATGAGTCGTAGT,cacao_b,Kualoa Ranch,245,2,4,5,1,F18,ITS,5_1,02.4.5.1day
04.1.3.1day.ITS.b,70,CACTCACGGTCGTAGT,cacao_b,Urban Garden Center,413,4,1,3,1,F19,ITS,3_1,04.1.3.1day
04.1.2.5.1day.ITS.b,71,AGATATCCGTCGTAGT,cacao_b,Urban Garden Center,0415-25,4,1&2,5,1,F20,ITS,5_1,04.1-2.5.1day
04.3.3.1day.ITS.b,72,ACGGTGTCGTCGTAGT,cacao_b,Urban Garden Center,433,4,3,3,1,F21,ITS,3_1,04.3.3.1day
04.3.5.1day.ITS.b,73,CGTACGATTAGCAGAC,cacao_b,Urban Garden Center,435,4,3,5,1,F22,ITS,5_1,04.3.5.1day
ITSMOCK.b,309,CGAGACGTAGCTGCTA,cacao_b,LabMOCK,ITSMOCK,NA,NA,NA,NA,F50,ITS,NA_NA,ITSMOCK
ITSNEG.Cacao.b,310,CTCGTCGAAGCTGCTA,cacao_b,LabNEG,ITSNEG,NA,NA,NA,NA,F51,ITS,NA_NA,ITSNEG
02.1.3.0day.16S.b,316,GTCTCGTACATAGAGA,cacao_b,Kualoa Ranch,213,2,1,3,0,B1,16S,3_0,02.1.3.0day
02.2.5.0day.16S.b,318,CTCGTCGACATAGAGA,cacao_b,Kualoa Ranch,225,2,2,5,0,B3,16S,5_0,02.2.5.0day
02.4.5.0day.16S.b,321,TATAGTAGCGTAGATC,cacao_b,Kualoa Ranch,245,2,4,5,0,B6,16S,5_0,02.4.5.0day
02.1.3.1day.16S.b,328,TATCTGACCGTAGATC,cacao_b,Kualoa Ranch,213,2,1,3,1,B13,16S,3_1,02.1.3.1day
02.2.3.1day.16S.b,329,TATAGTAGCTCGTTAC,cacao_b,Kualoa Ranch,223,2,2,3,1,B14,16S,3_1,02.2.3.1day
02.2.5.1day.16S.b,330,TAGTAACGCTCGTTAC,cacao_b,Kualoa Ranch,225,2,2,5,1,B15,16S,5_1,02.2.5.1day
02.3.3.1day.16S.b,331,GTGACTCTCTCGTTAC,cacao_b,Kualoa Ranch,233,2,3,3,1,B16,16S,3_1,02.3.3.1day
02.3.5.1.16S.a,17,CGTACGATAGTAGCGT,cacao_a,Kualoa Ranch,235,2,3,5,1,B17,16S,5_1,02.3.5.1
02.4.5.1.16S.a,18,CAGATAGTAGTAGCGT,cacao_a,Kualoa Ranch,245,2,4,5,1,B18,16S,5_1,02.4.5.1
04.1.3.1.16S.a,19,ACTCGCTAAGTAGCGT,cacao_a,Urban Garden Center,413,4,1,3,1,B19,16S,3_1,04.1.3.1
04.1.2.5.1.16S.a,20,ACACGCAGAGTAGCGT,cacao_a,Urban Garden Center,0415-25,4,1&2,5,1,B20,16S,5_1,04.1.2.5.1
04.3.3.1.16S.a,21,CTCGATGAAGTAGCGT,cacao_a,Urban Garden Center,433,4,3,3,1,B21,16S,3_1,04.3.3.1
04.3.5.1.16S.a,22,CACTCACGAGTAGCGT,cacao_a,Urban Garden Center,435,4,3,5,1,B22,16S,5_1,04.3.5.1
04.4.3.1.16S.a,23,AGATATCCAGTAGCGT,cacao_a,Urban Garden Center,443,4,4,3,1,B23,16S,3_1,04.4.3.1
04.4.5.1.16S.a,24,ACGGTGTCAGTAGCGT,cacao_a,Urban Garden Center,445,4,4,5,1,B24,16S,5_1,04.4.5.1
02.1.3.3.16S.a,25,CGTACGATCAGTGAGT,cacao_a,Kualoa Ranch,213,2,1,3,3,B25,16S,3_3,02.1.3.3
02.2.3.3.16S.a,26,CAGATAGTCAGTGAGT,cacao_a,Kualoa Ranch,223,2,2,3,3,B26,16S,3_3,02.2.3.3
02.2.5.3.16S.a,27,ACTCGCTACAGTGAGT,cacao_a,Kualoa Ranch,225,2,2,5,3,B27,16S,5_3,02.2.5.3
02.3.3.3.16S.a,28,ACACGCAGCAGTGAGT,cacao_a,Kualoa Ranch,233,2,3,3,3,B28,16S,3_3,02.3.3.3
02.3.5.3.16S.a,29,CTCGATGACAGTGAGT,cacao_a,Kualoa Ranch,235,2,3,5,3,B29,16S,5_3,02.3.5.3
02.4.5.3.16S.a,30,CACTCACGCAGTGAGT,cacao_a,Kualoa Ranch,245,2,4,5,3,B30,16S,5_3,02.4.5.3
04.1.3.3.16S.a,31,AGATATCCCAGTGAGT,cacao_a,Urban Garden Center,413,4,1,3,3,B31,16S,3_3,04.1.3.3
04.1.2.5.3.16S.a,32,ACGGTGTCCAGTGAGT,cacao_a,Urban Garden Center,0415-25,4,1&2,5,3,B32,16S,5_3,04.1.2.5.3
04.3.3.3.16S.a,33,CGTACGATCGTACTCA,cacao_a,Urban Garden Center,433,4,3,3,3,B33,16S,3_3,04.3.3.3
04.3.5.3.16S.a,34,CAGATAGTCGTACTCA,cacao_a,Urban Garden Center,435,4,3,5,3,B34,16S,5_3,04.3.5.3
04.4.3.3.16S.a,35,ACTCGCTACGTACTCA,cacao_a,Urban Garden Center,443,4,4,3,3,B35,16S,3_3,04.4.3.3
04.4.5.3.16S.a,36,ACACGCAGCGTACTCA,cacao_a,Urban Garden Center,445,4,4,5,3,B36,16S,5_3,04.4.5.3
02.1.3.6.16S.a,37,CTCGATGACGTACTCA,cacao_a,Kualoa Ranch,213,2,1,3,6,B37,16S,3_6,02.1.3.6
02.2.3.6.16S.a,38,CACTCACGCGTACTCA,cacao_a,Kualoa Ranch,223,2,2,3,6,B38,16S,3_6,02.2.3.6
02.2.5.6.16S.a,39,AGATATCCCGTACTCA,cacao_a,Kualoa Ranch,225,2,2,5,6,B39,16S,5_6,02.2.5.6
02.3.3.6.16S.a,40,ACGGTGTCCGTACTCA,cacao_a,Kualoa Ranch,233,2,3,3,6,B40,16S,3_6,02.3.3.6
02.3.5.6.16S.a,41,CGTACGATCTACGCAG,cacao_a,Kualoa Ranch,235,2,3,5,6,B41,16S,5_6,02.3.5.6
02.4.5.6.16S.a,42,CAGATAGTCTACGCAG,cacao_a,Kualoa Ranch,245,2,4,5,6,B42,16S,5_6,02.4.5.6
04.1.3.6.16S.a,43,ACTCGCTACTACGCAG,cacao_a,Urban Garden Center,413,4,1,3,6,B43,16S,3_6,04.1.3.6
04.1.2.5.6.16S.a,44,ACACGCAGCTACGCAG,cacao_a,Urban Garden Center,0415-25,4,1&2,5,6,B44,16S,5_6,04.1.2.5.6
04.3.3.6.16S.a,45,CTCGATGACTACGCAG,cacao_a,Urban Garden Center,433,4,3,3,6,B45,16S,3_6,04.3.3.6
04.3.5.6.16S.a,46,CACTCACGCTACGCAG,cacao_a,Urban Garden Center,435,4,3,5,6,B46,16S,5_6,04.3.5.6
04.4.3.6.16S.a,47,AGATATCCCTACGCAG,cacao_a,Urban Garden Center,443,4,4,3,6,B47,16S,3_6,04.4.3.6
04.4.5.6.16S.a,48,ACGGTGTCCTACGCAG,cacao_a,Urban Garden Center,445,4,4,5,6,B48,16S,5_6,04.4.5.6
Dans.Ecuador.2.16S.a,49,CGTACGATGGAGACTA,cacao_a,Dan's Ecuador 2,2-Dec,NA,NA,NA,NA,B49,16S,NA_NA,Dans.Ecuador.2
16SMOCK.16S.a,50,CAGATAGTGGAGACTA,cacao_a,Lab,16SMOCK,16SMOCK,16SMOCK,16SMOCK,NA,B50,16S,16SMOCK_NA,16SMOCK
16SNEG.16S.a,51,ACTCGCTAGGAGACTA,cacao_a,Lab,16SNEG,16SNEG,16SNEG,16SNEG,NA,B51,16S,16SNEG_NA,16SNEG
02.1.3.0.ITS.a,52,ACACGCAGGGAGACTA,cacao_a,Kualoa Ranch,213,2,1,3,0,F1,ITS,3_0,02.1.3.0
02.2.3.0.ITS.a,53,CTCGATGAGGAGACTA,cacao_a,Kualoa Ranch,223,2,2,3,0,F2,ITS,3_0,02.2.3.0
02.2.5.0.ITS.a,54,CACTCACGGGAGACTA,cacao_a,Kualoa Ranch,225,2,2,5,0,F3,ITS,5_0,02.2.5.0
02.3.3.0.ITS.a,55,AGATATCCGGAGACTA,cacao_a,Kualoa Ranch,233,2,3,3,0,F4,ITS,3_0,02.3.3.0
02.3.5.0.ITS.a,56,ACGGTGTCGGAGACTA,cacao_a,Kualoa Ranch,235,2,3,5,0,F5,ITS,5_0,02.3.5.0
02.4.5.0.ITS.a,57,CGTACGATGTCGCTCG,cacao_a,Kualoa Ranch,245,2,4,5,0,F6,ITS,5_0,02.4.5.0
04.1.3.0.ITS.a,58,CAGATAGTGTCGCTCG,cacao_a,Urban Garden Center,413,4,1,3,0,F7,ITS,3_0,04.1.3.0
04.1.2.5.0.ITS.a,59,ACTCGCTAGTCGCTCG,cacao_a,Urban Garden Center,0415-25,4,1&2,5,0,F8,ITS,5_0,04.1.2.5.0
04.3.3.0.ITS.a,60,ACACGCAGGTCGCTCG,cacao_a,Urban Garden Center,433,4,3,3,0,F9,ITS,3_0,04.3.3.0
04.3.5.0.ITS.a,61,CTCGATGAGTCGCTCG,cacao_a,Urban Garden Center,435,4,3,5,0,F10,ITS,5_0,04.3.5.0
04.4.3.0.ITS.a,62,CACTCACGGTCGCTCG,cacao_a,Urban Garden Center,443,4,4,3,0,F11,ITS,3_0,04.4.3.0
04.4.5.0.ITS.a,63,AGATATCCGTCGCTCG,cacao_a,Urban Garden Center,445,4,4,5,0,F12,ITS,5_0,04.4.5.0
02.1.3.1.ITS.a,64,ACGGTGTCGTCGCTCG,cacao_a,Kualoa Ranch,213,2,1,3,1,F13,ITS,3_1,02.1.3.1
02.2.3.1.ITS.a,65,CGTACGATGTCGTAGT,cacao_a,Kualoa Ranch,223,2,2,3,1,F14,ITS,3_1,02.2.3.1
02.2.5.1.ITS.a,66,CAGATAGTGTCGTAGT,cacao_a,Kualoa Ranch,225,2,2,5,1,F15,ITS,5_1,02.2.5.1
02.3.3.1.ITS.a,67,ACTCGCTAGTCGTAGT,cacao_a,Kualoa Ranch,233,2,3,3,1,F16,ITS,3_1,02.3.3.1
02.3.5.1.ITS.a,68,ACACGCAGGTCGTAGT,cacao_a,Kualoa Ranch,235,2,3,5,1,F17,ITS,5_1,02.3.5.1
02.4.5.1.ITS.a,69,CTCGATGAGTCGTAGT,cacao_a,Kualoa Ranch,245,2,4,5,1,F18,ITS,5_1,02.4.5.1
04.1.3.1.ITS.a,70,CACTCACGGTCGTAGT,cacao_a,Urban Garden Center,413,4,1,3,1,F19,ITS,3_1,04.1.3.1
04.1.2.5.1.ITS.a,71,AGATATCCGTCGTAGT,cacao_a,Urban Garden Center,0415-25,4,1&2,5,1,F20,ITS,5_1,04.1.2.5.1
04.3.3.1.ITS.a,72,ACGGTGTCGTCGTAGT,cacao_a,Urban Garden Center,433,4,3,3,1,F21,ITS,3_1,04.3.3.1
04.3.5.1.ITS.a,73,CGTACGATTAGCAGAC,cacao_a,Urban Garden Center,435,4,3,5,1,F22,ITS,5_1,04.3.5.1
04.4.3.1.ITS.a,74,CAGATAGTTAGCAGAC,cacao_a,Urban Garden Center,443,4,4,3,1,F23,ITS,3_1,04.4.3.1
04.4.5.1.ITS.a,75,ACTCGCTATAGCAGAC,cacao_a,Urban Garden Center,445,4,4,5,1,F24,ITS,5_1,04.4.5.1
02.1.3.3.ITS.a,76,ACACGCAGTAGCAGAC,cacao_a,Kualoa Ranch,213,2,1,3,3,F25,ITS,3_3,02.1.3.3
02.2.3.3.ITS.a,77,CTCGATGATAGCAGAC,cacao_a,Kualoa Ranch,223,2,2,3,3,F26,ITS,3_3,02.2.3.3
02.2.5.3.ITS.a,78,CACTCACGTAGCAGAC,cacao_a,Kualoa Ranch,225,2,2,5,3,F27,ITS,5_3,02.2.5.3
02.3.3.3.ITS.a,79,AGATATCCTAGCAGAC,cacao_a,Kualoa Ranch,233,2,3,3,3,F28,ITS,3_3,02.3.3.3
02.3.5.3.ITS.a,80,ACGGTGTCTAGCAGAC,cacao_a,Kualoa Ranch,235,2,3,5,3,F29,ITS,5_3,02.3.5.3
02.4.5.3.ITS.a,81,CGTACGATTCATAGAC,cacao_a,Kualoa Ranch,245,2,4,5,3,F30,ITS,5_3,02.4.5.3
04.1.3.3.ITS.a,82,CAGATAGTTCATAGAC,cacao_a,Urban Garden Center,413,4,1,3,3,F31,ITS,3_3,04.1.3.3
04.1.2.5.3.ITS.a,83,ACTCGCTATCATAGAC,cacao_a,Urban Garden Center,0415-25,4,1&2,5,3,F32,ITS,5_3,04.1.2.5.3
04.3.3.3.ITS.a,84,ACACGCAGTCATAGAC,cacao_a,Urban Garden Center,433,4,3,3,3,F33,ITS,3_3,04.3.3.3
04.3.5.3.ITS.a,85,CTCGATGATCATAGAC,cacao_a,Urban Garden Center,435,4,3,5,3,F34,ITS,5_3,04.3.5.3
04.4.3.3.ITS.a,86,CACTCACGTCATAGAC,cacao_a,Urban Garden Center,443,4,4,3,3,F35,ITS,3_3,04.4.3.3
04.4.5.3.ITS.a,87,AGATATCCTCATAGAC,cacao_a,Urban Garden Center,445,4,4,5,3,F36,ITS,5_3,04.4.5.3
02.1.3.6.ITS.a,88,ACGGTGTCTCATAGAC,cacao_a,Kualoa Ranch,213,2,1,3,6,F37,ITS,3_6,02.1.3.6
02.2.3.6.ITS.a,89,CGTACGATTCGCTATA,cacao_a,Kualoa Ranch,223,2,2,3,6,F38,ITS,3_6,02.2.3.6
02.2.5.6.ITS.a,90,CAGATAGTTCGCTATA,cacao_a,Kualoa Ranch,225,2,2,5,6,F39,ITS,5_6,02.2.5.6
02.3.3.6.ITS.a,91,ACTCGCTATCGCTATA,cacao_a,Kualoa Ranch,233,2,3,3,6,F40,ITS,3_6,02.3.3.6
02.3.5.6.ITS.a,92,ACACGCAGTCGCTATA,cacao_a,Kualoa Ranch,235,2,3,5,6,F41,ITS,5_6,02.3.5.6
02.4.5.6.ITS.a,93,CTCGATGATCGCTATA,cacao_a,Kualoa Ranch,245,2,4,5,6,F42,ITS,5_6,02.4.5.6
04.1.3.6.ITS.a,94,CACTCACGTCGCTATA,cacao_a,Urban Garden Center,413,4,1,3,6,F43,ITS,3_6,04.1.3.6
04.1.2.5.6.ITS.a,95,AGATATCCTCGCTATA,cacao_a,Urban Garden Center,0415-25,4,1&2,5,6,F44,ITS,5_6,04.1.2.5.6
04.3.3.6.ITS.a,96,ACGGTGTCTCGCTATA,cacao_a,Urban Garden Center,433,4,3,3,6,F45,ITS,3_6,04.3.3.6
04.3.5.6.ITS.a,305,TATAGTAGAGCTGCTA,cacao_a,Urban Garden Center,435,4,3,5,6,F46,ITS,5_6,04.3.5.6
04.4.3.6.ITS.a,306,TAGTAACGAGCTGCTA,cacao_a,Urban Garden Center,443,4,4,3,6,F47,ITS,3_6,04.4.3.6
04.4.5.6.ITS.a,307,GTGACTCTAGCTGCTA,cacao_a,Urban Garden Center,445,4,4,5,6,F48,ITS,5_6,04.4.5.6
Dans.Ecuador.2.ITS.a,308,GTCTCGTAAGCTGCTA,cacao_a,Dan's Ecuador 2,2-Dec,NA,NA,NA,NA,F49,ITS,NA_NA,Dans.Ecuador.2
ITSMOCK.ITS.a,309,CGAGACGTAGCTGCTA,cacao_a,Lab,ITSMOCK,NA,NA,NA,NA,F50,ITS,NA_NA,ITSMOCK
ITSNEG.ITS.a,310,CTCGTCGAAGCTGCTA,cacao_a,Lab,ITSNEG,NA,NA,NA,NA,F51,ITS,NA_NA,ITSNEG
02.2.3.6.16S.ITS.a,311,ACACGATCAGCTGCTA,cacao_a,Kualoa Ranch,223,2,2,3,6,C1a,16S/ITS,3_6,02.2.3.6.16S+ITS
MOCK.16S.ITS.a,313,TATAGTAGCATAGAGA,cacao_a,Lab,MOCK_16S+ITS,NA,NA,NA,NA,Cma,16S/ITS,NA_NA,MOCK.16S+ITS
02.1.3.0.16S.a,316,GTCTCGTACATAGAGA,cacao_a,Kualoa Ranch,213,2,1,3,0,B1,16S,3_0,02.1.3.0
02.2.3.0.16S.a,317,CGAGACGTCATAGAGA,cacao_a,Kualoa Ranch,223,2,2,3,0,B2,16S,3_0,02.2.3.0
02.2.5.0.16S.a,318,CTCGTCGACATAGAGA,cacao_a,Kualoa Ranch,225,2,2,5,0,B3,16S,5_0,02.2.5.0
02.3.3.0.16S.a,319,ACACGATCCATAGAGA,cacao_a,Kualoa Ranch,233,2,3,3,0,B4,16S,3_0,02.3.3.0
02.3.5.0.16S.a,320,TATCTGACCATAGAGA,cacao_a,Kualoa Ranch,235,2,3,5,0,B5,16S,5_0,02.3.5.0
02.4.5.0.16S.a,321,TATAGTAGCGTAGATC,cacao_a,Kualoa Ranch,245,2,4,5,0,B6,16S,5_0,02.4.5.0
04.1.3.0.16S.a,322,TAGTAACGCGTAGATC,cacao_a,Urban Garden Center,413,4,1,3,0,B7,16S,3_0,04.1.3.0
04.1.2.5.0.16S.a,323,GTGACTCTCGTAGATC,cacao_a,Urban Garden Center,0415-25,4,1&2,5,0,B8,16S,5_0,04.1.2.5.0
04.3.3.0.16S.a,324,GTCTCGTACGTAGATC,cacao_a,Urban Garden Center,433,4,3,3,0,B9,16S,3_0,04.3.3.0
04.3.5.0.16S.a,325,CGAGACGTCGTAGATC,cacao_a,Urban Garden Center,435,4,3,5,0,B10,16S,5_0,04.3.5.0
04.4.3.0.16S.a,326,CTCGTCGACGTAGATC,cacao_a,Urban Garden Center,443,4,4,3,0,B11,16S,3_0,04.4.3.0
04.4.5.0.16S.a,327,ACACGATCCGTAGATC,cacao_a,Urban Garden Center,445,4,4,5,0,B12,16S,5_0,04.4.5.0
02.1.3.1.16S.a,328,TATCTGACCGTAGATC,cacao_a,Kualoa Ranch,213,2,1,3,1,B13,16S,3_1,02.1.3.1
02.2.3.1.16S.a,329,TATAGTAGCTCGTTAC,cacao_a,Kualoa Ranch,223,2,2,3,1,B14,16S,3_1,02.2.3.1
02.2.5.1.16S.a,330,TAGTAACGCTCGTTAC,cacao_a,Kualoa Ranch,225,2,2,5,1,B15,16S,5_1,02.2.5.1
02.3.3.1.16S.a,331,GTGACTCTCTCGTTAC,cacao_a,Kualoa Ranch,233,2,3,3,1,B16,16S,3_1,02.3.3.1